artworkId,movement
cma:102578,Impresionismo
cma:109245,Neoclasicismo
cma:121035,Impresionismo
cma:121188,Impresionismo
cma:122351,Romanticismo
cma:125249,Postimpresionismo
cma:131761,Postimpresionismo
cma:135185,Postimpresionismo
cma:135382,Impresionismo
cma:135420,Modernismo
cma:136154,Expresionismo
cma:136510,Impresionismo
cma:136682,Romanticismo
cma:138464,Neoclasicismo
cma:140078,Realismo
cma:141168,Realismo
cma:142356,Impresionismo
cma:149112,Modernismo
cma:151904,Realismo
cma:155783,Realismo
cma:163010,Expresionismo
cma:166199,Postimpresionismo
cma:313396,Neoclasicismo
cma:324444,Impresionismo
cma:92937,Realismo
met:435621,Realismo
met:435702,Realismo
met:435802,Manierismo
met:435868,Postimpresionismo
met:435876,Postimpresionismo
met:435882,Postimpresionismo
met:436002,Realismo
met:436095,Realismo
met:436105,Neoclasicismo
met:436106,Neoclasicismo
met:436575,Manierismo
met:436840,Neoclasicismo
met:436947,Impresionismo
met:437299,Impresionismo
met:437654,Postimpresionismo
met:437835,Postimpresionismo
met:438815,Impresionismo
met:438816,Realismo
met:438817,Impresionismo
met:438820,Realismo
met:438821,Postimpresionismo
aic:81503,Romanticismo
aic:81505,Romanticismo
aic:87045,Fauvismo
aic:111317,Neoclasicismo
cma:160300,Ukiyo-e
cma:101210,Ukiyo-e
cma:101854,Ukiyo-e
cma:102604,Ukiyo-e
cma:102605,Ukiyo-e
cma:102615,Ukiyo-e
cma:102617,Ukiyo-e
cma:102622,Ukiyo-e
cma:103239,Ukiyo-e
cma:103240,Ukiyo-e
cma:103241,Ukiyo-e
cma:103242,Ukiyo-e
cma:103244,Ukiyo-e
cma:103249,Ukiyo-e
cma:103260,Ukiyo-e
cma:103279,Ukiyo-e
cma:103288,Ukiyo-e
cma:103289,Ukiyo-e
cma:103292,Ukiyo-e
cma:103293,Ukiyo-e
cma:103294,Ukiyo-e
cma:103295,Ukiyo-e
cma:103296,Ukiyo-e
cma:103301,Ukiyo-e
cma:103351,Ukiyo-e
cma:103356,Ukiyo-e
cma:103357,Ukiyo-e
cma:103358,Ukiyo-e
aic:24645,Ukiyo-e
aic:56236,Ukiyo-e
aic:87008,Ukiyo-e
aic:88977,Ukiyo-e
cma:141639,Escuela del río Hudson
aic:57163,Escuela del río Hudson
aic:90048,Escuela del río Hudson
aic:71971,Escuela del río Hudson
aic:72398,Escuela del río Hudson
aic:97291,Escuela del río Hudson
aic:129639,Escuela del río Hudson
aic:146701,Escuela del río Hudson
aic:185185,Escuela del río Hudson
aic:76571,Escuela del río Hudson
cma:100588,Escuela del río Hudson
aic:109228,Luminismo
aic:100829,Luminismo
aic:152747,Luminismo
aic:100489,Luminismo
cma:102005,Escuela de Barbizon
aic:81512,Realismo
cma:102066,Realismo
aic:81576,Impresionismo
aic:68388,Tonalismo
aic:68792,Tonalismo
aic:80586,Expresionismo
aic:8980,Expresionismo
aic:89043,Romanticismo
cma:103359,Ukiyo-e
cma:103360,Ukiyo-e
cma:106962,Ukiyo-e
cma:103898,Escuela de Barbizon
cma:104013,Impresionismo
cma:104987,Impresionismo
cma:104300,Realismo
cma:106404,Realismo
cma:103997,Realismo
cma:106088,Realismo
cma:103730,Realismo
cma:106785,Realismo
cma:105105,Tonalismo
cma:105074,Tonalismo
cma:105206,Tonalismo
cma:106056,Tonalismo
cma:106963,Ukiyo-e
cma:106964,Ukiyo-e
cma:106965,Ukiyo-e
cma:106968,Ukiyo-e
cma:111643,Ukiyo-e
cma:111644,Ukiyo-e
cma:111645,Ukiyo-e
cma:111646,Ukiyo-e
cma:111647,Ukiyo-e
cma:111648,Ukiyo-e
cma:111649,Ukiyo-e
cma:111650,Ukiyo-e
cma:111651,Ukiyo-e
cma:111621,Ukiyo-e
cma:111622,Ukiyo-e
cma:111625,Ukiyo-e
cma:111653,Ukiyo-e
cma:111654,Ukiyo-e
cma:111656,Ukiyo-e
cma:111663,Ukiyo-e
cma:111672,Ukiyo-e
cma:111675,Ukiyo-e
cma:111676,Ukiyo-e
cma:111678,Ukiyo-e
cma:111687,Ukiyo-e
cma:111688,Ukiyo-e
cma:111689,Ukiyo-e
cma:111690,Ukiyo-e
cma:118800,Ukiyo-e
cma:118823,Ukiyo-e
cma:118832,Ukiyo-e
cma:118846,Ukiyo-e
cma:118848,Ukiyo-e
cma:118852,Ukiyo-e
cma:107017,Realismo
cma:107036,Realismo
cma:107443,Realismo
cma:115094,Realismo
cma:115125,Realismo
cma:115833,Realismo
cma:115871,Realismo
cma:115876,Realismo
cma:115898,Realismo
cma:115925,Realismo
cma:115938,Realismo
cma:116925,Realismo
cma:116949,Realismo
cma:117843,Realismo
cma:107054,Impresionismo
cma:108602,Impresionismo
cma:111371,Impresionismo
cma:111372,Impresionismo
cma:117715,Impresionismo
cma:118159,Impresionismo
cma:118042,Impresionismo
cma:108356,Postimpresionismo
cma:114196,Postimpresionismo
cma:115405,Postimpresionismo
cma:107208,Postimpresionismo
cma:107210,Postimpresionismo
cma:107211,Postimpresionismo
cma:107212,Postimpresionismo
cma:107213,Postimpresionismo
cma:107215,Postimpresionismo
cma:107217,Postimpresionismo
cma:107218,Postimpresionismo
cma:107219,Postimpresionismo
cma:107222,Postimpresionismo
cma:107520,Simbolismo
cma:108396,Simbolismo
cma:108397,Simbolismo
cma:108399,Simbolismo
cma:108400,Simbolismo
cma:108401,Simbolismo
cma:108402,Simbolismo
cma:108403,Simbolismo
cma:108404,Simbolismo
cma:108405,Simbolismo
cma:108406,Simbolismo
cma:108407,Simbolismo
cma:108408,Simbolismo
cma:108410,Simbolismo
cma:109190,Simbolismo
cma:109191,Simbolismo
cma:109192,Simbolismo
cma:109193,Simbolismo
cma:109194,Simbolismo
cma:109195,Simbolismo
cma:109196,Simbolismo
cma:109198,Simbolismo
cma:109199,Simbolismo
cma:109200,Simbolismo
cma:109201,Simbolismo
cma:109202,Simbolismo
cma:109203,Simbolismo
cma:109204,Simbolismo
cma:109205,Simbolismo
cma:109206,Simbolismo
cma:109207,Simbolismo
cma:109337,Simbolismo
cma:112932,Simbolismo
cma:115067,Simbolismo
cma:113834,Simbolismo
cma:113835,Simbolismo
cma:113840,Simbolismo
cma:113310,Expresionismo
cma:112650,Expresionismo
cma:118792,Expresionismo
cma:112900,Romanticismo
cma:118918,Romanticismo
cma:109447,Romanticismo
cma:118594,Romanticismo
cma:112069,Neoclasicismo
cma:112072,Neoclasicismo
met:440723,Orientalismo
cma:120812,Nabis
cma:128074,Nabis
cma:129162,Nabis
cma:129163,Nabis
cma:129164,Nabis
cma:129165,Nabis
cma:129169,Nabis
cma:129171,Nabis
cma:129172,Nabis
cma:129173,Nabis
cma:129174,Nabis
cma:125920,Nabis
cma:125925,Nabis
cma:125928,Nabis
cma:125929,Nabis
cma:125930,Nabis
cma:123915,Nabis
cma:119909,Ukiyo-e
cma:120222,Ukiyo-e
cma:120225,Ukiyo-e
cma:120228,Ukiyo-e
cma:120230,Ukiyo-e
cma:120231,Ukiyo-e
cma:120232,Ukiyo-e
cma:120233,Ukiyo-e
cma:120234,Ukiyo-e
cma:120235,Ukiyo-e
cma:120238,Ukiyo-e
cma:121607,Ukiyo-e
cma:121618,Ukiyo-e
cma:122833,Ukiyo-e
cma:122834,Ukiyo-e
cma:122835,Ukiyo-e
cma:122836,Ukiyo-e
cma:123101,Ukiyo-e
cma:123177,Ukiyo-e
cma:123249,Ukiyo-e
cma:126086,Ukiyo-e
cma:126087,Ukiyo-e
cma:126701,Ukiyo-e
cma:126723,Ukiyo-e
cma:124433,Simbolismo
cma:124804,Simbolismo
cma:119697,Impresionismo
cma:120286,Impresionismo
cma:128364,Impresionismo
cma:125234,Impresionismo
cma:128392,Impresionismo
cma:125104,Impresionismo
cma:125526,Impresionismo
cma:128072,Impresionismo
cma:125091,Impresionismo
cma:124436,Impresionismo
cma:124437,Impresionismo
cma:123168,Postimpresionismo
cma:126085,Postimpresionismo
cma:121181,Postimpresionismo
cma:121184,Postimpresionismo
cma:127956,Postimpresionismo
cma:127960,Postimpresionismo
cma:127964,Postimpresionismo
cma:129201,Postimpresionismo
cma:129371,Postimpresionismo
cma:128393,Expresionismo
cma:128394,Expresionismo
cma:121406,Realismo
cma:121432,Realismo
cma:124040,Realismo
cma:121137,Realismo
cma:124714,Realismo
cma:124718,Realismo
cma:124723,Realismo
cma:124724,Realismo
cma:124726,Realismo
cma:125370,Realismo
cma:125378,Realismo
cma:127636,Realismo
cma:124078,Realismo
cma:126773,Realismo
cma:128371,Realismo
cma:120012,Realismo
cma:120281,Realismo
cma:128363,Escuela de Barbizon
cma:121103,Tonalismo
cma:122918,Neoclasicismo
cma:129300,Neoclasicismo
cma:125236,Escuela del río Hudson
cma:124256,Orientalismo
cma:130020,Impresionismo
cma:134149,Impresionismo
cma:135238,Impresionismo
cma:135265,Impresionismo
cma:135336,Impresionismo
cma:135480,Impresionismo
cma:136760,Impresionismo
cma:135214,Realismo
cma:135323,Realismo
cma:137259,Realismo
cma:131971,Postimpresionismo
cma:135173,Postimpresionismo
cma:135299,Postimpresionismo
cma:135310,Postimpresionismo
cma:135512,Postimpresionismo
cma:130625,Postimpresionismo
cma:135517,Postimpresionismo
cma:134285,Ukiyo-e
cma:134286,Ukiyo-e
cma:134287,Ukiyo-e
cma:134288,Ukiyo-e
cma:136933,Ukiyo-e
cma:134959,Ukiyo-e
cma:133109,Simbolismo
cma:130623,Expresionismo
cma:133108,Expresionismo
cma:135759,Expresionismo
cma:136592,Expresionismo
cma:137145,Romanticismo
cma:133653,Romanticismo
cma:133655,Romanticismo
cma:136911,Escuela del río Hudson
cma:130163,Neoclasicismo
cma:134072,Tonalismo
cma:130457,Nabis
cma:147982,Ukiyo-e
cma:147985,Ukiyo-e
cma:148386,Ukiyo-e
cma:148387,Ukiyo-e
cma:148388,Ukiyo-e
cma:148389,Ukiyo-e
cma:148390,Ukiyo-e
cma:148391,Ukiyo-e
cma:148392,Ukiyo-e
cma:142694,Simbolismo
cma:142695,Simbolismo
cma:142696,Simbolismo
cma:142697,Simbolismo
cma:142698,Simbolismo
cma:142699,Simbolismo
cma:142701,Simbolismo
cma:142700,Simbolismo
cma:143141,Simbolismo
cma:146446,Simbolismo
cma:147653,Expresionismo
cma:143203,Impresionismo
cma:145107,Impresionismo
cma:143299,Postimpresionismo
cma:148297,Postimpresionismo
cma:144756,Realismo
cma:141641,Realismo
cma:144496,Realismo
cma:141936,Realismo
cma:140161,Realismo
cma:139815,Escuela del río Hudson
cma:144732,Escuela del río Hudson
cma:144968,Escuela del río Hudson
cma:143772,Escuela del río Hudson
cma:148215,Escuela del río Hudson
cma:148312,Escuela del río Hudson
cma:144967,Luminismo
cma:143477,Luminismo
cma:138369,Romanticismo
cma:147523,Romanticismo
cma:141328,Romanticismo
cma:146725,Romanticismo
cma:146726,Romanticismo
cma:146727,Romanticismo
cma:141935,Romanticismo
cma:142298,Neoclasicismo
cma:146752,Escuela de Barbizon
cma:148393,Ukiyo-e
cma:148816,Ukiyo-e
cma:148817,Ukiyo-e
cma:148818,Ukiyo-e
cma:148819,Ukiyo-e
cma:152426,Ukiyo-e
cma:152428,Ukiyo-e
cma:152433,Ukiyo-e
cma:152434,Ukiyo-e
cma:152436,Ukiyo-e
cma:152441,Ukiyo-e
cma:152446,Ukiyo-e
cma:152447,Ukiyo-e
cma:152450,Ukiyo-e
cma:152478,Ukiyo-e
cma:152481,Ukiyo-e
cma:152484,Ukiyo-e
cma:152486,Ukiyo-e
cma:152489,Ukiyo-e
cma:152490,Ukiyo-e
cma:152492,Ukiyo-e
cma:152493,Ukiyo-e
cma:152495,Ukiyo-e
cma:152496,Ukiyo-e
cma:152499,Ukiyo-e
cma:152501,Ukiyo-e
cma:152502,Ukiyo-e
cma:152503,Ukiyo-e
cma:152505,Ukiyo-e
cma:152506,Ukiyo-e
cma:152510,Ukiyo-e
cma:152513,Ukiyo-e
cma:152515,Ukiyo-e
cma:152531,Ukiyo-e
cma:152536,Ukiyo-e
cma:152537,Ukiyo-e
cma:152542,Ukiyo-e
cma:152544,Ukiyo-e
cma:152545,Ukiyo-e
cma:151336,Simbolismo
cma:149665,Simbolismo
cma:150693,Simbolismo
cma:150538,Prerrafaelismo
cma:149769,Prerrafaelismo
cma:150055,Impresionismo
cma:148689,Impresionismo
cma:149113,Impresionismo
cma:149410,Postimpresionismo
cma:150747,Postimpresionismo
cma:149421,Realismo
cma:153129,Art Nouveau
cma:149565,Expresionismo
cma:154283,Simbolismo
cma:162322,Simbolismo
cma:160616,Nabis
cma:163462,Nabis
cma:159899,Nabis
cma:153786,Impresionismo
cma:155626,Impresionismo
cma:163169,Impresionismo
cma:165259,Impresionismo
cma:167142,Impresionismo
cma:153388,Impresionismo
cma:166895,Impresionismo
cma:155854,Postimpresionismo
cma:166200,Postimpresionismo
cma:166201,Postimpresionismo
cma:160325,Postimpresionismo
cma:154286,Expresionismo
cma:155952,Expresionismo
cma:159216,Dadaísmo
cma:164630,Cubismo
cma:156615,Realismo
cma:160356,Realismo
cma:160357,Realismo
cma:160359,Realismo
cma:159272,Romanticismo
cma:164618,Romanticismo
cma:159719,Romanticismo
cma:160085,Romanticismo
cma:160293,Romanticismo
cma:162195,Romanticismo
cma:163040,Neoclasicismo
cma:163043,Neoclasicismo
cma:163044,Neoclasicismo
cma:156858,Ukiyo-e
cma:157228,Escuela del río Hudson
cma:163456,Luminismo
cma:448810,Nabis
cma:448811,Nabis
cma:448812,Nabis
cma:448813,Nabis
cma:448814,Nabis
cma:448815,Nabis
cma:448816,Nabis
cma:448817,Nabis
cma:448818,Nabis
cma:448819,Nabis
cma:448820,Nabis
cma:448821,Nabis
cma:448822,Nabis
cma:670094,Nabis
cma:445579,Simbolismo
cma:445582,Simbolismo
cma:445583,Simbolismo
cma:448828,Simbolismo
cma:541185,Impresionismo
cma:677054,Impresionismo
cma:393049,Impresionismo
cma:667091,Impresionismo
cma:676651,Impresionismo
cma:444535,Impresionismo
cma:665183,Impresionismo
cma:693411,Postimpresionismo
cma:617620,Postimpresionismo
cma:320778,Postimpresionismo
cma:173167,Realismo
cma:173169,Realismo
cma:169614,Escuela del río Hudson
cma:172806,Escuela del río Hudson
cma:172815,Escuela del río Hudson
cma:173180,Escuela del río Hudson
cma:171296,Escuela del río Hudson
cma:357774,Luminismo
cma:173480,Luminismo
cma:670790,Romanticismo
cma:670791,Romanticismo
cma:670792,Romanticismo
cma:670793,Romanticismo
cma:670794,Romanticismo
cma:359246,Romanticismo
cma:523533,Romanticismo
cma:294155,Romanticismo
cma:171329,Romanticismo
cma:299508,Ukiyo-e
cma:299516,Ukiyo-e
cma:293239,Ukiyo-e
cma:688823,Neoclasicismo
cma:306960,Expresionismo
cma:171157,Expresionismo
cma:316999,Futurismo
cma:170741,Prerrafaelismo
cma:95343,Ukiyo-e
cma:95344,Ukiyo-e
cma:95345,Ukiyo-e
cma:95346,Ukiyo-e
cma:95347,Ukiyo-e
cma:95348,Ukiyo-e
cma:95356,Ukiyo-e
cma:95357,Ukiyo-e
cma:95358,Ukiyo-e
cma:95359,Ukiyo-e
cma:95369,Ukiyo-e
cma:95371,Ukiyo-e
cma:95389,Ukiyo-e
cma:95392,Ukiyo-e
cma:95393,Ukiyo-e
cma:95400,Ukiyo-e
cma:95401,Ukiyo-e
cma:95410,Ukiyo-e
cma:95413,Ukiyo-e
cma:97315,Ukiyo-e
met:36531,Ukiyo-e
met:36543,Ukiyo-e
met:36742,Ukiyo-e
met:41057,Ukiyo-e
met:45396,Ukiyo-e
met:53443,Ukiyo-e
met:53449,Ukiyo-e
met:53895,Ukiyo-e
met:54384,Ukiyo-e
met:54396,Ukiyo-e
met:54807,Ukiyo-e
met:55406,Ukiyo-e
met:56736,Ukiyo-e
met:73540,Ukiyo-e
met:76573,Ukiyo-e
met:888663,Ukiyo-e
met:930218,Ukiyo-e
cma:75763,Nabis
cma:80329,Nabis
cma:81391,Nabis
cma:82903,Nabis
cma:83373,Nabis
cma:83462,Nabis
cma:83635,Nabis
cma:84662,Nabis
cma:85861,Nabis
cma:89176,Nabis
cma:92844,Nabis
cma:84371,Postimpresionismo
cma:79484,Postimpresionismo
cma:701493,Impresionismo
cma:91231,Impresionismo
cma:95272,Impresionismo
cma:74228,Impresionismo
cma:95275,Realismo
cma:95259,Romanticismo
cma:95263,Romanticismo
cma:95287,Simbolismo
cma:87891,Simbolismo
rijks:200100988,Simbolismo
rijks:200105889,Realismo
rijks:200107948,Realismo
rijks:200107949,Realismo
rijks:200107950,Realismo
rijks:200107874,Romanticismo
rijks:200107875,Romanticismo
rijks:200107981,Impresionismo
rijks:200108304,Impresionismo
rijks:200108310,Impresionismo
rijks:200108317,Impresionismo
rijks:200108378,Realismo
rijks:200108396,Realismo
rijks:200108398,Realismo
rijks:200108226,Realismo
rijks:200108227,Realismo
rijks:200108238,Realismo
rijks:200108991,Realismo
rijks:200109293,Realismo
rijks:200108141,Realismo
rijks:200108885,Realismo
rijks:200109256,Realismo
rijks:200109305,Realismo
rijks:200108872,Realismo
rijks:200108873,Realismo
rijks:200108874,Escuela de Barbizon
rijks:200109074,Escuela de Barbizon
rijks:200108876,Romanticismo
